<?xml version="1.0" encoding="UTF-8"?>
<root>
  <item name="com.hoho.android.usbserial.driver.CdcAcmSerialDriver.CdcAcmSerialPort void setParameters(int, int, int, int) 3">
    <annotation name="androidx.annotation.IntDef">
      <val name="value" val="{com.hoho.android.usbserial.driver.UsbSerialPort.PARITY_NONE, com.hoho.android.usbserial.driver.UsbSerialPort.PARITY_ODD, com.hoho.android.usbserial.driver.UsbSerialPort.PARITY_EVEN, com.hoho.android.usbserial.driver.UsbSerialPort.PARITY_MARK, com.hoho.android.usbserial.driver.UsbSerialPort.PARITY_SPACE}" />
    </annotation>
  </item>
  <item name="com.hoho.android.usbserial.driver.Ch34xSerialDriver.Ch340SerialPort void setParameters(int, int, int, int) 3">
    <annotation name="androidx.annotation.IntDef">
      <val name="value" val="{com.hoho.android.usbserial.driver.UsbSerialPort.PARITY_NONE, com.hoho.android.usbserial.driver.UsbSerialPort.PARITY_ODD, com.hoho.android.usbserial.driver.UsbSerialPort.PARITY_EVEN, com.hoho.android.usbserial.driver.UsbSerialPort.PARITY_MARK, com.hoho.android.usbserial.driver.UsbSerialPort.PARITY_SPACE}" />
    </annotation>
  </item>
  <item name="com.hoho.android.usbserial.driver.Cp21xxSerialDriver.Cp21xxSerialPort void setParameters(int, int, int, int) 3">
    <annotation name="androidx.annotation.IntDef">
      <val name="value" val="{com.hoho.android.usbserial.driver.UsbSerialPort.PARITY_NONE, com.hoho.android.usbserial.driver.UsbSerialPort.PARITY_ODD, com.hoho.android.usbserial.driver.UsbSerialPort.PARITY_EVEN, com.hoho.android.usbserial.driver.UsbSerialPort.PARITY_MARK, com.hoho.android.usbserial.driver.UsbSerialPort.PARITY_SPACE}" />
    </annotation>
  </item>
  <item name="com.hoho.android.usbserial.driver.FtdiSerialDriver.FtdiSerialPort void setParameters(int, int, int, int) 3">
    <annotation name="androidx.annotation.IntDef">
      <val name="value" val="{com.hoho.android.usbserial.driver.UsbSerialPort.PARITY_NONE, com.hoho.android.usbserial.driver.UsbSerialPort.PARITY_ODD, com.hoho.android.usbserial.driver.UsbSerialPort.PARITY_EVEN, com.hoho.android.usbserial.driver.UsbSerialPort.PARITY_MARK, com.hoho.android.usbserial.driver.UsbSerialPort.PARITY_SPACE}" />
    </annotation>
  </item>
  <item name="com.hoho.android.usbserial.driver.ProlificSerialDriver.ProlificSerialPort void setParameters(int, int, int, int) 3">
    <annotation name="androidx.annotation.IntDef">
      <val name="value" val="{com.hoho.android.usbserial.driver.UsbSerialPort.PARITY_NONE, com.hoho.android.usbserial.driver.UsbSerialPort.PARITY_ODD, com.hoho.android.usbserial.driver.UsbSerialPort.PARITY_EVEN, com.hoho.android.usbserial.driver.UsbSerialPort.PARITY_MARK, com.hoho.android.usbserial.driver.UsbSerialPort.PARITY_SPACE}" />
    </annotation>
  </item>
  <item name="com.hoho.android.usbserial.driver.UsbSerialPort void setParameters(int, int, int, int) 3">
    <annotation name="androidx.annotation.IntDef">
      <val name="value" val="{com.hoho.android.usbserial.driver.UsbSerialPort.PARITY_NONE, com.hoho.android.usbserial.driver.UsbSerialPort.PARITY_ODD, com.hoho.android.usbserial.driver.UsbSerialPort.PARITY_EVEN, com.hoho.android.usbserial.driver.UsbSerialPort.PARITY_MARK, com.hoho.android.usbserial.driver.UsbSerialPort.PARITY_SPACE}" />
    </annotation>
  </item>
  <item name="com.hoho.android.usbserial.driver.UsbSerialPort.Parity">
    <annotation name="androidx.annotation.IntDef">
      <val name="value" val="{com.hoho.android.usbserial.driver.UsbSerialPort.PARITY_NONE, com.hoho.android.usbserial.driver.UsbSerialPort.PARITY_ODD, com.hoho.android.usbserial.driver.UsbSerialPort.PARITY_EVEN, com.hoho.android.usbserial.driver.UsbSerialPort.PARITY_MARK, com.hoho.android.usbserial.driver.UsbSerialPort.PARITY_SPACE}" />
    </annotation>
  </item>
</root>

